状态,!=,(,),*,+,",",-,/,;,<,<=,=,==,>,>=,ID,[,],else,float,if,int,num,return,void,while,{,},#,<A>,<M>,<N>,<Program>,<S>,<if语句>,<relop>,<return语句>,<while语句>,<内部变量声明>,<内部声明>,<内部数组声明>,<函数声明>,<加法表达式>,<参数>,<参数列表>,<变量声明>,<因子>,<声明>,<声明串>,<声明类型>,<实参列表>,<形参>,<数组>,<表达式>,<语句>,<语句串>,<语句块>,<赋值语句>,<逗号和参数>,<项>,
0, , , , , , , , , , , , , , , , , , , ,r2, ,r2, , ,r2, , , , , , ,2,1, , , , , , , , , , , , , , , , , , , , , , , , , , , ,
1, , , , , , , , , , , , , , , , , , , , , , , , , , , , ,acc, , , , , , , , , , , , , , , , , , , , , , , , , , , , , , , ,
2, , , , , , , , , , , , , , , , , , , ,s7, ,s5, , ,s6, , , , , , , , , , , , , , , , , , , , , , ,4,3, , , , , , , , , , , ,
3, , , , , , , , , , , , , , , , , , , , , , , , , , , , ,r1, , , , , , , , , , , , , , , , , , , , , , , , , , , , , , , ,
4, , , , , , , , , , , , , , , , , , , ,s7, ,s5, , ,s6, , , ,r3, , , , , , , , , , , , , , , , , , ,4,8, , , , , , , , , , , ,
5, , , , , , , , , , , , , , , ,s9, , , , , , , , , , , , , , , , , , , , , , , , , , , , , , , , , , , , , , , , , , , , ,
6, , , , , , , , , , , , , , , ,s10, , , , , , , , , , , , , , , , , , , , , , , , , , , , , , , , , , , , , , , , , , , , ,
7, , , , , , , , , , , , , , , ,s11, , , , , , , , , , , , , , , , , , , , , , , , , , , , , , , , , , , , , , , , , , , , ,
8, , , , , , , , , , , , , , , , , , , , , , , , , , , , ,r4, , , , , , , , , , , , , , , , , , , , , , , , , , , , , , , ,
9, ,r8, , , , , , ,r8, , , , , , , , , , , , , , , , , , , , , ,12, , , , , , , , , , , , , , , , , , , , , , , , , , , , , ,
10, ,r8, , , , , , , , , , , , , , , , , , , , , , , , , , , , ,13, , , , , , , , , , , , , , , , , , , , , , , , , , , , , ,
11, ,r8, , , , , , ,r8, , , , , , , , , , , , , , , , , , , , , ,14, , , , , , , , , , , , , , , , , , , , , , , , , , , , , ,
12, ,r9, , , , , , ,r9, , , , , , , , , , , , , , , , , , , , ,15, , , , , , , , , , , , , , , , , , , , , , , , , , , , , , ,
13, ,r9, , , , , , , , , , , , , , , , , , , , , , , , , , , ,16, , , , , , , , , , , , , , , , , , , , , , , , , , , , , , ,
14, ,r9, , , , , , ,r9, , , , , , , , , , , , , , , , , , , , ,17, , , , , , , , , , , , , , , , , , , , , , , , , , , , , , ,
15, ,s22, , , , , , ,s21, , , , , , , , , , , , , , , , , , , , , , , , , , , , , , , , ,20, , , ,19, , , ,18, , , , , , , , , , ,
16, ,s22, , , , , , , , , , , , , , , , , , , , , , , , , , , , , , , , , , , , , , , ,23, , , , , , , , , , , , , , , , , , ,
17, ,s22, , , , , , ,s21, , , , , , , , , , , , , , , , , , , , , , , , , , , , , , , , ,20, , , ,19, , , ,24, , , , , , , , , , ,
18, , , , , , , , , , , , , , , , , , , ,r5, ,r5, , ,r5, , , ,r5, , , , , , , , , , , , , , , , , , , , , , , , , , , , , , , ,
19, , , , , , , , , , , , , , , , , , , ,r10, ,r10, , ,r10, , , ,r10, , , , , , , , , , , , , , , , , , , , , , , , , , , , , , , ,
20, , , , , , , , , , , , , , , , , , , ,r11, ,r11, , ,r11, , , ,r11, , , , , , , , , , , , , , , , , , , , , , , , , , , , , , , ,
21, , , , , , , , , , , , , , , , , , , ,r12, ,r12, , ,r12, , , ,r12, , , , , , , , , , , , , , , , , , , , , , , , , , , , , , , ,
22, , , , , , , , , , , , , , , , , , , ,s30, ,s29, , ,s27, , , , , , , , , , , , , , , , , , ,28,26, , , , , , ,25, , , , , , , , ,
23, , , , , , , , , , , , , , , , , , , ,r6, ,r6, , ,r6, , , ,r6, , , , , , , , , , , , , , , , , , , , , , , , , , , , , , , ,
24, , , , , , , , , , , , , , , , , , , ,r7, ,r7, , ,r7, , , ,r7, , , , , , , , , , , , , , , , , , , , , , , , , , , , , , , ,
25, , ,s31, , , , , , , , , , , , , , , , , , , , , , , , , , , , , , , , , , , , , , , , , , , , , , , , , , , , , , , , , ,
26, , ,r14, , , , , , , , , , , , , , , , , , , , , , , , , , , , , , , , , , , , , , , , , , , , , , , , , , , , , , , , , ,
27, , ,r15, , , , , , , , , , , , , , , , , , , , , , , , , , , , , , , , , , , , , , , , , , , , , , , , , , , , , , , , , ,
28, , ,r18, , ,s33, , , , , , , , , , , , , , , , , , , , , , , , , , , , , , , , , , , , , , , , , , , , , , , , , , , , ,32, ,
29, , , , , , , , , , , , , , , ,s34, , , , , , , , , , , , , , , , , , , , , , , , , , , , , , , , , , , , , , , , , , , , ,
30, , , , , , , , , , , , , , , ,s35, , , , , , , , , , , , , , , , , , , , , , , , , , , , , , , , , , , , , , , , , , , , ,
31, , , , , , , , , , , , , , , , , , , , , , , , , , ,s37, , , , , , , , , , , , , , , , , , , , , , , , , , , , , ,36, , , ,
32, , ,r16, , , , , , , , , , , , , , , , , , , , , , , , , , , , , , , , , , , , , , , , , , , , , , , , , , , , , , , , , ,
33, , , , , , , , , , , , , , , , , , , ,s30, ,s29, , , , , , , , , , , , , , , , , , , , , ,38, , , , , , , , , , , , , , , , ,
34, , ,r19, , ,r19, , , , , , , , , , , , , , , , , , , , , , , , , , , , , , , , , , , , , , , , , , , , , , , , , , , , , , ,
35, , ,r20, , ,r20, , , , , , , , , , , , , , , , , , , , , , , , , , , , , , , , , , , , , , , , , , , , , , , , , , , , , , ,
36, , , , , , , , , , , , , , , , , , , ,r13, ,r13, , ,r13, , , ,r13, , , , , , , , , , , , , , , , , , , , , , , , , , , , , , , ,
37, , , , , , , , , , , , , , , ,r22, , , ,s43,r22,s42, ,r22, ,r22, , , , , , , , , , , , ,40,39,41, , , , , , , , , , , , , , , , , , , ,
38, , ,r18, , ,s33, , , , , , , , , , , , , , , , , , , , , , , , , , , , , , , , , , , , , , , , , , , , , , , , , , , , ,44, ,
39, , , , , , , , , , , , , , , ,s54, , , , ,s51, , ,s53, ,s52, , , , , , , , ,47, ,49,48, , , , , , , , , , , , , , , , ,46,45, ,50, , ,
40, , , , , , , , ,s55, , , , , , , , , , , , , , , , , , , , , , , , , , , , , , , , , , , , , , , , , , , , , , , , , , , ,
41, , , , , , , , ,s56, , , , , , , , , , , , , , , , , , , , , , , , , , , , , , , , , , , , , , , , , , , , , , , , , , , ,
42, , , , , , , , , , , , , , , ,s57, , , , , , , , , , , , , , , , , , , , , , , , , , , , , , , , , , , , , , , , , , , , ,
43, , , , , , , , , , , , , , , ,s58, , , , , , , , , , , , , , , , , , , , , , , , , , , , , , , , , , , , , , , , , , , , ,
44, , ,r17, , , , , , , , , , , , , , , , , , , , , , , , , , , , , , , , , , , , , , , , , , , , , , , , , , , , , , , , , ,
45, , , , , , , , , , , , , , , , , , , , , , , , , , , ,s59, , , , , , , , , , , , , , , , , , , , , , , , , , , , , , , , ,
46, , , , , , , , , , , , , , , ,r8, , , , ,r8, , ,r8, ,r8, ,r8, , ,60, , , , , , , , , , , , , , , , , , , , , , , , , , , , , ,
47, , , , , , , , , , , , , , , ,r28, , , , ,r28, , ,r28, ,r28, ,r28, , , , , , , , , , , , , , , , , , , , , , , , , , , , , , , , ,
48, , , , , , , , , , , , , , , ,r29, , , , ,r29, , ,r29, ,r29, ,r29, , , , , , , , , , , , , , , , , , , , , , , , , , , , , , , , ,
49, , , , , , , , , , , , , , , ,r30, , , , ,r30, , ,r30, ,r30, ,r30, , , , , , , , , , , , , , , , , , , , , , , , , , , , , , , , ,
50, , , , , , , , , , , , , , , ,r31, , , , ,r31, , ,r31, ,r31, ,r31, , , , , , , , , , , , , , , , , , , , , , , , , , , , , , , , ,
51, ,s61, , , , , , , , , , , , , , , , , , , , , , , , , , , , , , , , , , , , , , , , , , , , , , , , , , , , , , , , , , ,
52, ,r8, , , , , , , , , , , , , , , , , , , , , , , , , , , , ,62, , , , , , , , , , , , , , , , , , , , , , , , , , , , , ,
53, ,s69, , , , , , ,s64, , , , , , ,s70, , , , , , ,s68, , , , , , , , , , , , , , , , , , , ,65, , , ,67, , , , , , ,63, , , , , ,66,
54, , , , , , , , , , , ,s71, , , , ,s73, , , , , , , , , , , , , , , , , , , , , , , , , , , , , , , , , , , ,72, , , , , , , ,
55, , , , , , , , , , , , , , , ,r22, , , ,s43,r22,s42, ,r22, ,r22, , , , , , , , , , , , ,40,74,41, , , , , , , , , , , , , , , , , , , ,
56, , , , , , , , , , , , , , , ,r22, , , ,s43,r22,s42, ,r22, ,r22, , , , , , , , , , , , ,40,75,41, , , , , , , , , , , , , , , , , , , ,
57, , , , , , , , ,r24, , , , , , , ,s77, , , , , , , , , , , , , , , , , , , , , , , , , , , , , , , , , , , ,76, , , , , , , ,
58, , , , , , , , ,r25, , , , , , , , , , , , , , , , , , , , , , , , , , , , , , , , , , , , , , , , , , , , , , , , , , , ,
59, , , , , , , , , , , , , , , , , , , ,r21, ,r21, , ,r21, , , ,r21, , , , , , , , , , , , , , , , , , , , , , , , , , , , , , , ,
60, , , , , , , , , , , , , , , ,s54, , , , ,s51, , ,s53, ,s52, ,r26, , , , , , ,47, ,49,48, , , , , , , , , , , , , , , , ,46,78, ,50, , ,
61, ,s84, , , , , , , , , , , , , ,s85, , , , , , ,s83, , , , , , , , , , , , , , , , , , , ,80, , , ,82, , , , , , ,79, , , , , ,81,
62, ,s86, , , , , , , , , , , , , , , , , , , , , , , , , , , , , , , , , , , , , , , , , , , , , , , , , , , , , , , , , , ,
63, , , , , , , , ,s87, , , , , , , , , , , , , , , , , , , , , , , , , , , , , , , , , , , , , , , , , , , , , , , , , , , ,
64, , , , , , , , , , , , , , , ,r34, , , , ,r34, , ,r34, ,r34, ,r34, , , , , , , , , , , , , , , , , , , , , , , , , , , , , , , , ,
65,s94, , , , , , , ,r38,s89,s90, ,s93,s91,s92, , , , , , , , , , , , , , , , , , , , ,88, , , , , , , , , , , , , , , , , , , , , , , , ,
66,r46, , , ,s95, ,s96, ,r46,r46,r46, ,r46,r46,r46, , , , , , , , , , , , , , , , , , , , , , , , , , , , , , , , , , , , , , , , , , , , , ,
67,r49, , ,s97,r49, ,r49,s98,r49,r49,r49, ,r49,r49,r49, , , , , , , , , , , , , , , , , , , , , , , , , , , , , , , , , , , , , , , , , , , , , ,
68,r52, , ,r52,r52, ,r52,r52,r52,r52,r52, ,r52,r52,r52, , , , , , , , , , , , , , , , , , , , , , , , , , , , , , , , , , , , , , , , , , , , , ,
69, ,s84, , , , , , , , , , , , , ,s85, , , , , , ,s83, , , , , , , , , , , , , , , , , , , ,80, , , ,82, , , , , , ,99, , , , , ,81,
70,r54,s100, ,r54,r54, ,r54,r54,r54,r54,r54, ,r54,r54,r54, ,s102, , , , , , , , , , , , , , , , , , , , , , , , , , , , , , , , , , , ,101, , , , , , , ,
71, ,s69, , , , , , , , , , , , , ,s70, , , , , , ,s68, , , , , , , , , , , , , , , , , , , ,65, , , ,67, , , , , , ,103, , , , , ,66,
72, , , , , , , , , , , ,s104, , , , , , , , , , , , , , , , , , , , , , , , , , , , , , , , , , , , , , , , , , , , , , , , ,
73, , , , , , , , , , , , , , , , , , , , , , ,s105, , , , , , , , , , , , , , , , , , , , , , , , , , , , , , , , , , , , , ,
74, , , , , , , , , , , , , , , ,r23, , , , ,r23, , ,r23, ,r23, , , , , , , , , , , , , , , , , , , , , , , , , , , , , , , , , , ,
75, , , , , , , , , , , , , , , ,r59, , , , ,r59, , ,r59, ,r59, , , , , , , , , , , , , , , , , , , , , , , , , , , , , , , , , , ,
76, , , , , , , , ,r60, , , , , , , , , , , , , , , , , , , , , , , , , , , , , , , , , , , , , , , , , , , , , , , , , , , ,
77, , , , , , , , , , , , , , , , , , , , , , ,s106, , , , , , , , , , , , , , , , , , , , , , , , , , , , , , , , , , , , , ,
78, , , , , , , , , , , , , , , , , , , , , , , , , , , ,r27, , , , , , , , , , , , , , , , , , , , , , , , , , , , , , , , ,
79, , ,s107, , , , , , , , , , , , , , , , , , , , , , , , , , , , , , , , , , , , , , , , , , , , , , , , , , , , , , , , , ,
80,s94, ,r38, , , , , , ,s89,s90, ,s93,s91,s92, , , , , , , , , , , , , , , , , , , , ,108, , , , , , , , , , , , , , , , , , , , , , , , ,
81,r46, ,r46, ,s109, ,s110, , ,r46,r46, ,r46,r46,r46, , , , , , , , , , , , , , , , , , , , , , , , , , , , , , , , , , , , , , , , , , , , , ,
82,r49, ,r49,s111,r49, ,r49,s112, ,r49,r49, ,r49,r49,r49, , , , , , , , , , , , , , , , , , , , , , , , , , , , , , , , , , , , , , , , , , , , , ,
83,r52, ,r52,r52,r52, ,r52,r52, ,r52,r52, ,r52,r52,r52, , , , , , , , , , , , , , , , , , , , , , , , , , , , , , , , , , , , , , , , , , , , , ,
84, ,s84, , , , , , , , , , , , , ,s85, , , , , , ,s83, , , , , , , , , , , , , , , , , , , ,80, , , ,82, , , , , , ,113, , , , , ,81,
85,r54,s114,r54,r54,r54, ,r54,r54, ,r54,r54, ,r54,r54,r54, ,s116, , , , , , , , , , , , , , , , , , , , , , , , , , , , , , , , , , , ,115, , , , , , , ,
86, ,s84, , , , , , , , , , , , , ,s85, , , , , , ,s83, , , , , , , , , , , , , , , , , , , ,80, , , ,82, , , , , , ,117, , , , , ,81,
87, , , , , , , , , , , , , , , ,r33, , , , ,r33, , ,r33, ,r33, ,r33, , , , , , , , , , , , , , , , , , , , , , , , , , , , , , , , ,
88, ,s122, , , , , , , , , , , , , ,s123, , , , , , ,s121, , , , , , , , , , , , , , , , , , , ,118, , , ,120, , , , , , , , , , , , ,119,
89, ,r40, , , , , , , , , , , , , ,r40, , , , , , ,r40, , , , , , , , , , , , , , , , , , , , , , , , , , , , , , , , , , , , , ,
90, ,r41, , , , , , , , , , , , , ,r41, , , , , , ,r41, , , , , , , , , , , , , , , , , , , , , , , , , , , , , , , , , , , , , ,
91, ,r42, , , , , , , , , , , , , ,r42, , , , , , ,r42, , , , , , , , , , , , , , , , , , , , , , , , , , , , , , , , , , , , , ,
92, ,r43, , , , , , , , , , , , , ,r43, , , , , , ,r43, , , , , , , , , , , , , , , , , , , , , , , , , , , , , , , , , , , , , ,
93, ,r44, , , , , , , , , , , , , ,r44, , , , , , ,r44, , , , , , , , , , , , , , , , , , , , , , , , , , , , , , , , , , , , , ,
94, ,r45, , , , , , , , , , , , , ,r45, , , , , , ,r45, , , , , , , , , , , , , , , , , , , , , , , , , , , , , , , , , , , , , ,
95, ,s69, , , , , , , , , , , , , ,s70, , , , , , ,s68, , , , , , , , , , , , , , , , , , , ,124, , , ,67, , , , , , , , , , , , ,125,
96, ,s69, , , , , , , , , , , , , ,s70, , , , , , ,s68, , , , , , , , , , , , , , , , , , , ,126, , , ,67, , , , , , , , , , , , ,125,
97, ,s69, , , , , , , , , , , , , ,s70, , , , , , ,s68, , , , , , , , , , , , , , , , , , , , , , , ,67, , , , , , , , , , , , ,127,
98, ,s69, , , , , , , , , , , , , ,s70, , , , , , ,s68, , , , , , , , , , , , , , , , , , , , , , , ,67, , , , , , , , , , , , ,128,
99, , ,s129, , , , , , , , , , , , , , , , , , , , , , , , , , , , , , , , , , , , , , , , , , , , , , , , , , , , , , , , , ,
100, ,s136,r58, , , , , , , , , , , , ,s137, , , , , , ,s135, , , , , , , , , , , , , , , , , , , ,132, , , ,134, , , ,130, , ,131, , , , , ,133,
101,r64, , ,r64,r64, ,r64,r64,r64,r64,r64, ,r64,r64,r64, , , , , , , , , , , , , , , , , , , , , , , , , , , , , , , , , , , , , , , , , , , , , ,
102, , , , , , , , , , , , , , , , , , , , , , ,s138, , , , , , , , , , , , , , , , , , , , , , , , , , , , , , , , , , , , , ,
103, , , , , , , , ,s139, , , , , , , , , , , , , , , , , , , , , , , , , , , , , , , , , , , , , , , , , , , , , , , , , , , ,
104, ,s69, , , , , , , , , , , , , ,s70, , , , , , ,s68, , , , , , , , , , , , , , , , , , , ,65, , , ,67, , , , , , ,140, , , , , ,66,
105, , , , , , , , , , , , , , , , , ,s141, , , , , , , , , , , , , , , , , , , , , , , , , , , , , , , , , , , , , , , , , , ,
106, , , , , , , , , , , , , , , , , ,s142, , , , , , , , , , , , , , , , , , , , , , , , , , , , , , , , , , , , , , , , , , ,
107, , , , , , , , , , , , , , , , , , , , , , , , , , ,r9, , ,143, , , , , , , , , , , , , , , , , , , , , , , , , , , , , , ,
108, ,s148, , , , , , , , , , , , , ,s149, , , , , , ,s147, , , , , , , , , , , , , , , , , , , ,144, , , ,146, , , , , , , , , , , , ,145,
109, ,s84, , , , , , , , , , , , , ,s85, , , , , , ,s83, , , , , , , , , , , , , , , , , , , ,150, , , ,82, , , , , , , , , , , , ,151,
110, ,s84, , , , , , , , , , , , , ,s85, , , , , , ,s83, , , , , , , , , , , , , , , , , , , ,152, , , ,82, , , , , , , , , , , , ,151,
111, ,s84, , , , , , , , , , , , , ,s85, , , , , , ,s83, , , , , , , , , , , , , , , , , , , , , , , ,82, , , , , , , , , , , , ,153,
112, ,s84, , , , , , , , , , , , , ,s85, , , , , , ,s83, , , , , , , , , , , , , , , , , , , , , , , ,82, , , , , , , , , , , , ,154,
113, , ,s155, , , , , , , , , , , , , , , , , , , , , , , , , , , , , , , , , , , , , , , , , , , , , , , , , , , , , , , , , ,
114, ,s136,r58, , , , , , , , , , , , ,s137, , , , , , ,s135, , , , , , , , , , , , , , , , , , , ,132, , , ,134, , , ,156, , ,131, , , , , ,133,
115,r64, ,r64,r64,r64, ,r64,r64, ,r64,r64, ,r64,r64,r64, , , , , , , , , , , , , , , , , , , , , , , , , , , , , , , , , , , , , , , , , , , , , ,
116, , , , , , , , , , , , , , , , , , , , , , ,s157, , , , , , , , , , , , , , , , , , , , , , , , , , , , , , , , , , , , , ,
117, , ,s158, , , , , , , , , , , , , , , , , , , , , , , , , , , , , , , , , , , , , , , , , , , , , , , , , , , , , , , , , ,
118, , , , , , , , ,r39, , , , , , , , , , , , , , , , , , , , , , , , , , , , , , , , , , , , , , , , , , , , , , , , , , , ,
119, , , , ,s159, ,s160, ,r46, , , , , , , , , , , , , , , , , , , , , , , , , , , , , , , , , , , , , , , , , , , , , , , , , , , ,
120, , , ,s161,r49, ,r49,s162,r49, , , , , , , , , , , , , , , , , , , , , , , , , , , , , , , , , , , , , , , , , , , , , , , , , , , ,
121, , , ,r52,r52, ,r52,r52,r52, , , , , , , , , , , , , , , , , , , , , , , , , , , , , , , , , , , , , , , , , , , , , , , , , , , ,
122, ,s84, , , , , , , , , , , , , ,s85, , , , , , ,s83, , , , , , , , , , , , , , , , , , , ,80, , , ,82, , , , , , ,163, , , , , ,81,
123, ,s164, ,r54,r54, ,r54,r54,r54, , , , , , , ,s166, , , , , , , , , , , , , , , , , , , , , , , , , , , , , , , , , , , ,165, , , , , , , ,
124,r47, , , , , , , ,r47,r47,r47, ,r47,r47,r47, , , , , , , , , , , , , , , , , , , , , , , , , , , , , , , , , , , , , , , , , , , , , ,
125,r46, , , ,s95, ,s96, ,r46,r46,r46, ,r46,r46,r46, , , , , , , , , , , , , , , , , , , , , , , , , , , , , , , , , , , , , , , , , , , , , ,
126,r48, , , , , , , ,r48,r48,r48, ,r48,r48,r48, , , , , , , , , , , , , , , , , , , , , , , , , , , , , , , , , , , , , , , , , , , , , ,
127,r50, , , ,r50, ,r50, ,r50,r50,r50, ,r50,r50,r50, , , , , , , , , , , , , , , , , , , , , , , , , , , , , , , , , , , , , , , , , , , , , ,
128,r51, , , ,r51, ,r51, ,r51,r51,r51, ,r51,r51,r51, , , , , , , , , , , , , , , , , , , , , , , , , , , , , , , , , , , , , , , , , , , , , ,
129,r53, , ,r53,r53, ,r53,r53,r53,r53,r53, ,r53,r53,r53, , , , , , , , , , , , , , , , , , , , , , , , , , , , , , , , , , , , , , , , , , , , , ,
130, , ,s167, , , , , , , , , , , , , , , , , , , , , , , , , , , , , , , , , , , , , , , , , , , , , , , , , , , , , , , , , ,
131, , ,r56, , ,s168, , , , , , , , , , , , , , , , , , , , , , , , , , , , , , , , , , , , , , , , , , , , , , , , , , , , , , ,
132,s94, ,r38, , ,r38, , , ,s89,s90, ,s93,s91,s92, , , , , , , , , , , , , , , , , , , , ,169, , , , , , , , , , , , , , , , , , , , , , , , ,
133,r46, ,r46, ,s170,r46,s171, , ,r46,r46, ,r46,r46,r46, , , , , , , , , , , , , , , , , , , , , , , , , , , , , , , , , , , , , , , , , , , , , ,
134,r49, ,r49,s172,r49,r49,r49,s173, ,r49,r49, ,r49,r49,r49, , , , , , , , , , , , , , , , , , , , , , , , , , , , , , , , , , , , , , , , , , , , , ,
135,r52, ,r52,r52,r52,r52,r52,r52, ,r52,r52, ,r52,r52,r52, , , , , , , , , , , , , , , , , , , , , , , , , , , , , , , , , , , , , , , , , , , , , ,
136, ,s84, , , , , , , , , , , , , ,s85, , , , , , ,s83, , , , , , , , , , , , , , , , , , , ,80, , , ,82, , , , , , ,174, , , , , ,81,
137,r54,s175,r54,r54,r54,r54,r54,r54, ,r54,r54, ,r54,r54,r54, ,s177, , , , , , , , , , , , , , , , , , , , , , , , , , , , , , , , , , , ,176, , , , , , , ,
138, , , , , , , , , , , , , , , , , ,s178, , , , , , , , , , , , , , , , , , , , , , , , , , , , , , , , , , , , , , , , , , ,
139, , , , , , , , , , , , , , , ,r32, , , , ,r32, , ,r32, ,r32, ,r32, , , , , , , , , , , , , , , , , , , , , , , , , , , , , , , , ,
140, , , , , , , , ,s179, , , , , , , , , , , , , , , , , , , , , , , , , , , , , , , , , , , , , , , , , , , , , , , , , , , ,
141, , , , , , , , , , , ,r61, , , , ,s73, , , , , , , , , , , , , , , , , , , , , , , , , , , , , , , , , , , ,180, , , , , , , ,
142, , , , , , , , ,r61, , , , , , , ,s77, , , , , , , , , , , , , , , , , , , , , , , , , , , , , , , , , , , ,181, , , , , , , ,
143, , , , , , , , , , , , , , , , , , , , , , , , , , ,s183, , , , , , , , , , , , , , , , , , , , , , , , , , , , , ,182, , , ,
144, , ,r39, , , , , , , , , , , , , , , , , , , , , , , , , , , , , , , , , , , , , , , , , , , , , , , , , , , , , , , , , ,
145, , ,r46, ,s184, ,s185, , , , , , , , , , , , , , , , , , , , , , , , , , , , , , , , , , , , , , , , , , , , , , , , , , , , , ,
146, , ,r49,s186,r49, ,r49,s187, , , , , , , , , , , , , , , , , , , , , , , , , , , , , , , , , , , , , , , , , , , , , , , , , , , , ,
147, , ,r52,r52,r52, ,r52,r52, , , , , , , , , , , , , , , , , , , , , , , , , , , , , , , , , , , , , , , , , , , , , , , , , , , , ,
148, ,s84, , , , , , , , , , , , , ,s85, , , , , , ,s83, , , , , , , , , , , , , , , , , , , ,80, , , ,82, , , , , , ,188, , , , , ,81,
149, ,s189,r54,r54,r54, ,r54,r54, , , , , , , , ,s191, , , , , , , , , , , , , , , , , , , , , , , , , , , , , , , , , , , ,190, , , , , , , ,
150,r47, ,r47, , , , , , ,r47,r47, ,r47,r47,r47, , , , , , , , , , , , , , , , , , , , , , , , , , , , , , , , , , , , , , , , , , , , , ,
151,r46, ,r46, ,s109, ,s110, , ,r46,r46, ,r46,r46,r46, , , , , , , , , , , , , , , , , , , , , , , , , , , , , , , , , , , , , , , , , , , , , ,
152,r48, ,r48, , , , , , ,r48,r48, ,r48,r48,r48, , , , , , , , , , , , , , , , , , , , , , , , , , , , , , , , , , , , , , , , , , , , , ,
153,r50, ,r50, ,r50, ,r50, , ,r50,r50, ,r50,r50,r50, , , , , , , , , , , , , , , , , , , , , , , , , , , , , , , , , , , , , , , , , , , , , ,
154,r51, ,r51, ,r51, ,r51, , ,r51,r51, ,r51,r51,r51, , , , , , , , , , , , , , , , , , , , , , , , , , , , , , , , , , , , , , , , , , , , , ,
155,r53, ,r53,r53,r53, ,r53,r53, ,r53,r53, ,r53,r53,r53, , , , , , , , , , , , , , , , , , , , , , , , , , , , , , , , , , , , , , , , , , , , , ,
156, , ,s192, , , , , , , , , , , , , , , , , , , , , , , , , , , , , , , , , , , , , , , , , , , , , , , , , , , , , , , , , ,
157, , , , , , , , , , , , , , , , , ,s193, , , , , , , , , , , , , , , , , , , , , , , , , , , , , , , , , , , , , , , , , , ,
158, , , , , , , , , , , , , , , , , , , , , , , , , , ,r9, , ,194, , , , , , , , , , , , , , , , , , , , , , , , , , , , , , ,
159, ,s122, , , , , , , , , , , , , ,s123, , , , , , ,s121, , , , , , , , , , , , , , , , , , , ,195, , , ,120, , , , , , , , , , , , ,119,
160, ,s122, , , , , , , , , , , , , ,s123, , , , , , ,s121, , , , , , , , , , , , , , , , , , , ,196, , , ,120, , , , , , , , , , , , ,119,
161, ,s122, , , , , , , , , , , , , ,s123, , , , , , ,s121, , , , , , , , , , , , , , , , , , , , , , , ,120, , , , , , , , , , , , ,197,
162, ,s122, , , , , , , , , , , , , ,s123, , , , , , ,s121, , , , , , , , , , , , , , , , , , , , , , , ,120, , , , , , , , , , , , ,198,
163, , ,s199, , , , , , , , , , , , , , , , , , , , , , , , , , , , , , , , , , , , , , , , , , , , , , , , , , , , , , , , , ,
164, ,s136,r58, , , , , , , , , , , , ,s137, , , , , , ,s135, , , , , , , , , , , , , , , , , , , ,132, , , ,134, , , ,200, , ,131, , , , , ,133,
165, , , ,r64,r64, ,r64,r64,r64, , , , , , , , , , , , , , , , , , , , , , , , , , , , , , , , , , , , , , , , , , , , , , , , , , , ,
166, , , , , , , , , , , , , , , , , , , , , , ,s201, , , , , , , , , , , , , , , , , , , , , , , , , , , , , , , , , , , , , ,
167,r55, , ,r55,r55, ,r55,r55,r55,r55,r55, ,r55,r55,r55, , , , , , , , , , , , , , , , , , , , , , , , , , , , , , , , , , , , , , , , , , , , , ,
168, ,s136,r58, , , , , , , , , , , , ,s137, , , , , , ,s135, , , , , , , , , , , , , , , , , , , ,132, , , ,134, , , ,202, , ,131, , , , , ,133,
169, ,s207, , , , , , , , , , , , , ,s208, , , , , , ,s206, , , , , , , , , , , , , , , , , , , ,203, , , ,205, , , , , , , , , , , , ,204,
170, ,s136, , , , , , , , , , , , , ,s137, , , , , , ,s135, , , , , , , , , , , , , , , , , , , ,209, , , ,134, , , , , , , , , , , , ,210,
171, ,s136, , , , , , , , , , , , , ,s137, , , , , , ,s135, , , , , , , , , , , , , , , , , , , ,211, , , ,134, , , , , , , , , , , , ,210,
172, ,s136, , , , , , , , , , , , , ,s137, , , , , , ,s135, , , , , , , , , , , , , , , , , , , , , , , ,134, , , , , , , , , , , , ,212,
173, ,s136, , , , , , , , , , , , , ,s137, , , , , , ,s135, , , , , , , , , , , , , , , , , , , , , , , ,134, , , , , , , , , , , , ,213,
174, , ,s214, , , , , , , , , , , , , , , , , , , , , , , , , , , , , , , , , , , , , , , , , , , , , , , , , , , , , , , , , ,
175, ,s136,r58, , , , , , , , , , , , ,s137, , , , , , ,s135, , , , , , , , , , , , , , , , , , , ,132, , , ,134, , , ,215, , ,131, , , , , ,133,
176,r64, ,r64,r64,r64,r64,r64,r64, ,r64,r64, ,r64,r64,r64, , , , , , , , , , , , , , , , , , , , , , , , , , , , , , , , , , , , , , , , , , , , , ,
177, , , , , , , , , , , , , , , , , , , , , , ,s216, , , , , , , , , , , , , , , , , , , , , , , , , , , , , , , , , , , , , ,
178,r61, , ,r61,r61, ,r61,r61,r61,r61,r61, ,r61,r61,r61, ,s102, , , , , , , , , , , , , , , , , , , , , , , , , , , , , , , , , , , ,217, , , , , , , ,
179, , , , , , , , , , , , , , , ,r63, , , , ,r63, , ,r63, ,r63, ,r63, , , , , , , , , , , , , , , , , , , , , , , , , , , , , , , , ,
180, , , , , , , , , , , ,r62, , , , , , , , , , , , , , , , , , , , , , , , , , , , , , , , , , , , , , , , , , , , , , , , ,
181, , , , , , , , ,r62, , , , , , , , , , , , , , , , , , , , , , , , , , , , , , , , , , , , , , , , , , , , , , , , , , , ,
182, , , , , , , , , , , , , , , ,r36, , ,r2, ,r36, , ,r36, ,r36, ,r36, , , ,218, , , , , , , , , , , , , , , , , , , , , , , , , , , , ,
183, , , , , , , , , , , , , , , ,r22, , , ,s43,r22,s42, ,r22, ,r22, , , , , , , , , , , , ,40,219,41, , , , , , , , , , , , , , , , , , , ,
184, ,s148, , , , , , , , , , , , , ,s149, , , , , , ,s147, , , , , , , , , , , , , , , , , , , ,220, , , ,146, , , , , , , , , , , , ,145,
185, ,s148, , , , , , , , , , , , , ,s149, , , , , , ,s147, , , , , , , , , , , , , , , , , , , ,221, , , ,146, , , , , , , , , , , , ,145,
186, ,s148, , , , , , , , , , , , , ,s149, , , , , , ,s147, , , , , , , , , , , , , , , , , , , , , , , ,146, , , , , , , , , , , , ,222,
187, ,s148, , , , , , , , , , , , , ,s149, , , , , , ,s147, , , , , , , , , , , , , , , , , , , , , , , ,146, , , , , , , , , , , , ,223,
188, , ,s224, , , , , , , , , , , , , , , , , , , , , , , , , , , , , , , , , , , , , , , , , , , , , , , , , , , , , , , , , ,
189, ,s136,r58, , , , , , , , , , , , ,s137, , , , , , ,s135, , , , , , , , , , , , , , , , , , , ,132, , , ,134, , , ,225, , ,131, , , , , ,133,
190, , ,r64,r64,r64, ,r64,r64, , , , , , , , , , , , , , , , , , , , , , , , , , , , , , , , , , , , , , , , , , , , , , , , , , , , ,
191, , , , , , , , , , , , , , , , , , , , , , ,s226, , , , , , , , , , , , , , , , , , , , , , , , , , , , , , , , , , , , , ,
192,r55, ,r55,r55,r55, ,r55,r55, ,r55,r55, ,r55,r55,r55, , , , , , , , , , , , , , , , , , , , , , , , , , , , , , , , , , , , , , , , , , , , , ,
193,r61, ,r61,r61,r61, ,r61,r61, ,r61,r61, ,r61,r61,r61, ,s116, , , , , , , , , , , , , , , , , , , , , , , , , , , , , , , , , , , ,227, , , , , , , ,
194, , , , , , , , , , , , , , , , , , , , , , , , , , ,s229, , , , , , , , , , , , , , , , , , , , , , , , , , , , , ,228, , , ,
195, , , , , , , , ,r47, , , , , , , , , , , , , , , , , , , , , , , , , , , , , , , , , , , , , , , , , , , , , , , , , , , ,
196, , , , , , , , ,r48, , , , , , , , , , , , , , , , , , , , , , , , , , , , , , , , , , , , , , , , , , , , , , , , , , , ,
197, , , , ,r50, ,r50, ,r50, , , , , , , , , , , , , , , , , , , , , , , , , , , , , , , , , , , , , , , , , , , , , , , , , , , ,
198, , , , ,r51, ,r51, ,r51, , , , , , , , , , , , , , , , , , , , , , , , , , , , , , , , , , , , , , , , , , , , , , , , , , , ,
199, , , ,r53,r53, ,r53,r53,r53, , , , , , , , , , , , , , , , , , , , , , , , , , , , , , , , , , , , , , , , , , , , , , , , , , , ,
200, , ,s230, , , , , , , , , , , , , , , , , , , , , , , , , , , , , , , , , , , , , , , , , , , , , , , , , , , , , , , , , ,
201, , , , , , , , , , , , , , , , , ,s231, , , , , , , , , , , , , , , , , , , , , , , , , , , , , , , , , , , , , , , , , , ,
202, , ,r57, , , , , , , , , , , , , , , , , , , , , , , , , , , , , , , , , , , , , , , , , , , , , , , , , , , , , , , , , ,
203, , ,r39, , ,r39, , , , , , , , , , , , , , , , , , , , , , , , , , , , , , , , , , , , , , , , , , , , , , , , , , , , , , ,
204, , ,r46, ,s232,r46,s233, , , , , , , , , , , , , , , , , , , , , , , , , , , , , , , , , , , , , , , , , , , , , , , , , , , , , ,
205, , ,r49,s234,r49,r49,r49,s235, , , , , , , , , , , , , , , , , , , , , , , , , , , , , , , , , , , , , , , , , , , , , , , , , , , , ,
206, , ,r52,r52,r52,r52,r52,r52, , , , , , , , , , , , , , , , , , , , , , , , , , , , , , , , , , , , , , , , , , , , , , , , , , , , ,
207, ,s84, , , , , , , , , , , , , ,s85, , , , , , ,s83, , , , , , , , , , , , , , , , , , , ,80, , , ,82, , , , , , ,236, , , , , ,81,
208, ,s237,r54,r54,r54,r54,r54,r54, , , , , , , , ,s239, , , , , , , , , , , , , , , , , , , , , , , , , , , , , , , , , , , ,238, , , , , , , ,
209,r47, ,r47, , ,r47, , , ,r47,r47, ,r47,r47,r47, , , , , , , , , , , , , , , , , , , , , , , , , , , , , , , , , , , , , , , , , , , , , ,
210,r46, ,r46, ,s170,r46,s171, , ,r46,r46, ,r46,r46,r46, , , , , , , , , , , , , , , , , , , , , , , , , , , , , , , , , , , , , , , , , , , , , ,
211,r48, ,r48, , ,r48, , , ,r48,r48, ,r48,r48,r48, , , , , , , , , , , , , , , , , , , , , , , , , , , , , , , , , , , , , , , , , , , , , ,
212,r50, ,r50, ,r50,r50,r50, , ,r50,r50, ,r50,r50,r50, , , , , , , , , , , , , , , , , , , , , , , , , , , , , , , , , , , , , , , , , , , , , ,
213,r51, ,r51, ,r51,r51,r51, , ,r51,r51, ,r51,r51,r51, , , , , , , , , , , , , , , , , , , , , , , , , , , , , , , , , , , , , , , , , , , , , ,
214,r53, ,r53,r53,r53,r53,r53,r53, ,r53,r53, ,r53,r53,r53, , , , , , , , , , , , , , , , , , , , , , , , , , , , , , , , , , , , , , , , , , , , , ,
215, , ,s240, , , , , , , , , , , , , , , , , , , , , , , , , , , , , , , , , , , , , , , , , , , , , , , , , , , , , , , , , ,
216, , , , , , , , , , , , , , , , , ,s241, , , , , , , , , , , , , , , , , , , , , , , , , , , , , , , , , , , , , , , , , , ,
217,r62, , ,r62,r62, ,r62,r62,r62,r62,r62, ,r62,r62,r62, , , , , , , , , , , , , , , , , , , , , , , , , , , , , , , , , , , , , , , , , , , , , ,
218, , , , , , , , , , , , , , , , , , ,s242, , , , , , , , , , , , , , , , , , , , , , , , , , , , , , , , , , , , , , , , , ,
219, , , , , , , , , , , , , , , ,s54, , , , ,s51, , ,s53, ,s52, , , , , , , , ,47, ,49,48, , , , , , , , , , , , , , , , ,46,243, ,50, , ,
220, , ,r47, , , , , , , , , , , , , , , , , , , , , , , , , , , , , , , , , , , , , , , , , , , , , , , , , , , , , , , , , ,
221, , ,r48, , , , , , , , , , , , , , , , , , , , , , , , , , , , , , , , , , , , , , , , , , , , , , , , , , , , , , , , , ,
222, , ,r50, ,r50, ,r50, , , , , , , , , , , , , , , , , , , , , , , , , , , , , , , , , , , , , , , , , , , , , , , , , , , , , ,
223, , ,r51, ,r51, ,r51, , , , , , , , , , , , , , , , , , , , , , , , , , , , , , , , , , , , , , , , , , , , , , , , , , , , , ,
224, , ,r53,r53,r53, ,r53,r53, , , , , , , , , , , , , , , , , , , , , , , , , , , , , , , , , , , , , , , , , , , , , , , , , , , , ,
225, , ,s244, , , , , , , , , , , , , , , , , , , , , , , , , , , , , , , , , , , , , , , , , , , , , , , , , , , , , , , , , ,
226, , , , , , , , , , , , , , , , , ,s245, , , , , , , , , , , , , , , , , , , , , , , , , , , , , , , , , , , , , , , , , , ,
227,r62, ,r62,r62,r62, ,r62,r62, ,r62,r62, ,r62,r62,r62, , , , , , , , , , , , , , , , , , , , , , , , , , , , , , , , , , , , , , , , , , , , , ,
228, , , , , , , , , , , , , , , ,r35, , , , ,r35, , ,r35, ,r35, ,r35, , , , , , , , , , , , , , , , , , , , , , , , , , , , , , , , ,
229, , , , , , , , , , , , , , , ,r22, , , ,s43,r22,s42, ,r22, ,r22, , , , , , , , , , , , ,40,246,41, , , , , , , , , , , , , , , , , , , ,
230, , , ,r55,r55, ,r55,r55,r55, , , , , , , , , , , , , , , , , , , , , , , , , , , , , , , , , , , , , , , , , , , , , , , , , , , ,
231, , , ,r61,r61, ,r61,r61,r61, , , , , , , ,s166, , , , , , , , , , , , , , , , , , , , , , , , , , , , , , , , , , , ,247, , , , , , , ,
232, ,s207, , , , , , , , , , , , , ,s208, , , , , , ,s206, , , , , , , , , , , , , , , , , , , ,248, , , ,205, , , , , , , , , , , , ,204,
233, ,s207, , , , , , , , , , , , , ,s208, , , , , , ,s206, , , , , , , , , , , , , , , , , , , ,249, , , ,205, , , , , , , , , , , , ,204,
234, ,s207, , , , , , , , , , , , , ,s208, , , , , , ,s206, , , , , , , , , , , , , , , , , , , , , , , ,205, , , , , , , , , , , , ,250,
235, ,s207, , , , , , , , , , , , , ,s208, , , , , , ,s206, , , , , , , , , , , , , , , , , , , , , , , ,205, , , , , , , , , , , , ,251,
236, , ,s252, , , , , , , , , , , , , , , , , , , , , , , , , , , , , , , , , , , , , , , , , , , , , , , , , , , , , , , , , ,
237, ,s136,r58, , , , , , , , , , , , ,s137, , , , , , ,s135, , , , , , , , , , , , , , , , , , , ,132, , , ,134, , , ,253, , ,131, , , , , ,133,
238, , ,r64,r64,r64,r64,r64,r64, , , , , , , , , , , , , , , , , , , , , , , , , , , , , , , , , , , , , , , , , , , , , , , , , , , , ,
239, , , , , , , , , , , , , , , , , , , , , , ,s254, , , , , , , , , , , , , , , , , , , , , , , , , , , , , , , , , , , , , ,
240,r55, ,r55,r55,r55,r55,r55,r55, ,r55,r55, ,r55,r55,r55, , , , , , , , , , , , , , , , , , , , , , , , , , , , , , , , , , , , , , , , , , , , , ,
241,r61, ,r61,r61,r61,r61,r61,r61, ,r61,r61, ,r61,r61,r61, ,s177, , , , , , , , , , , , , , , , , , , , , , , , , , , , , , , , , , , ,255, , , , , , , ,
242, , , , , , , , , , , , , , , , , , , , , , , , , , ,r8, , , ,256, , , , , , , , , , , , , , , , , , , , , , , , , , , , , ,
243, , , , , , , , , , , , , , , , , , , , , , , , , , , ,s257, , , , , , , , , , , , , , , , , , , , , , , , , , , , , , , , ,
244, , ,r55,r55,r55, ,r55,r55, , , , , , , , , , , , , , , , , , , , , , , , , , , , , , , , , , , , , , , , , , , , , , , , , , , , ,
245, , ,r61,r61,r61, ,r61,r61, , , , , , , , ,s191, , , , , , , , , , , , , , , , , , , , , , , , , , , , , , , , , , , ,258, , , , , , , ,
246, , , , , , , , , , , , , , , ,s54, , , , ,s51, , ,s53, ,s52, , , , , , , , ,47, ,49,48, , , , , , , , , , , , , , , , ,46,259, ,50, , ,
247, , , ,r62,r62, ,r62,r62,r62, , , , , , , , , , , , , , , , , , , , , , , , , , , , , , , , , , , , , , , , , , , , , , , , , , , ,
248, , ,r47, , ,r47, , , , , , , , , , , , , , , , , , , , , , , , , , , , , , , , , , , , , , , , , , , , , , , , , , , , , , ,
249, , ,r48, , ,r48, , , , , , , , , , , , , , , , , , , , , , , , , , , , , , , , , , , , , , , , , , , , , , , , , , , , , , ,
250, , ,r50, ,r50,r50,r50, , , , , , , , , , , , , , , , , , , , , , , , , , , , , , , , , , , , , , , , , , , , , , , , , , , , , ,
251, , ,r51, ,r51,r51,r51, , , , , , , , , , , , , , , , , , , , , , , , , , , , , , , , , , , , , , , , , , , , , , , , , , , , , ,
252, , ,r53,r53,r53,r53,r53,r53, , , , , , , , , , , , , , , , , , , , , , , , , , , , , , , , , , , , , , , , , , , , , , , , , , , , ,
253, , ,s260, , , , , , , , , , , , , , , , , , , , , , , , , , , , , , , , , , , , , , , , , , , , , , , , , , , , , , , , , ,
254, , , , , , , , , , , , , , , , , ,s261, , , , , , , , , , , , , , , , , , , , , , , , , , , , , , , , , , , , , , , , , , ,
255,r62, ,r62,r62,r62,r62,r62,r62, ,r62,r62, ,r62,r62,r62, , , , , , , , , , , , , , , , , , , , , , , , , , , , , , , , , , , , , , , , , , , , , ,
256, , , , , , , , , , , , , , , , , , , , , , , , , , ,r9, , ,262, , , , , , , , , , , , , , , , , , , , , , , , , , , , , , ,
257, , , , , , , , , , , , , , , ,r21, , ,r21, ,r21, , ,r21, ,r21, ,r21, , , , , , , , , , , , , , , , , , , , , , , , , , , , , , , , ,
258, , ,r62,r62,r62, ,r62,r62, , , , , , , , , , , , , , , , , , , , , , , , , , , , , , , , , , , , , , , , , , , , , , , , , , , , ,
259, , , , , , , , , , , , , , , , , , , , , , , , , , , ,s263, , , , , , , , , , , , , , , , , , , , , , , , , , , , , , , , ,
260, , ,r55,r55,r55,r55,r55,r55, , , , , , , , , , , , , , , , , , , , , , , , , , , , , , , , , , , , , , , , , , , , , , , , , , , , ,
261, , ,r61,r61,r61,r61,r61,r61, , , , , , , , ,s239, , , , , , , , , , , , , , , , , , , , , , , , , , , , , , , , , , , ,264, , , , , , , ,
262, , , , , , , , , , , , , , , , , , , , , , , , , , ,s229, , , , , , , , , , , , , , , , , , , , , , , , , , , , , ,265, , , ,
263, , , , , , , , , , , , , , , ,r21, , , , ,r21, , ,r21, ,r21, ,r21, , , , , , , , , , , , , , , , , , , , , , , , , , , , , , , , ,
264, , ,r62,r62,r62,r62,r62,r62, , , , , , , , , , , , , , , , , , , , , , , , , , , , , , , , , , , , , , , , , , , , , , , , , , , , ,
265, , , , , , , , , , , , , , , ,r37, , , , ,r37, , ,r37, ,r37, ,r37, , , , , , , , , , , , , , , , , , , , , , , , , , , , , , , , ,
